{"TypeInfo":"BEC:github.com/nathanhack/ecc/linearblock/messagepassing/bec/iterative/Simple","ECCInfo":"edb5068bb2cbe0ea0199010d23ad92ed","Stats":{"0.01":{"ChannelCodewordError":{"Count":96,"Mean":0,"S":0},"ChannelMessageError":{"Count":96,"Mean":0,"S":0},"ChannelParityError":{"Count":96,"Mean":0,"S":0}},"0.1":{"ChannelCodewordError":{"Count":96,"Mean":0.028385416666666663,"S":0.051712239583333326},"ChannelMessageError":{"Count":96,"Mean":0.038661858974358976,"S":0.10465591099605526},"ChannelParityError":{"Count":96,"Mean":0.009300595238095238,"S":0.031236713435374142}},"0.2":{"ChannelCodewordError":{"Count":96,"Mean":0.09049479166666667,"S":0.07773274739583333},"ChannelMessageError":{"Count":96,"Mean":0.11718749999999994,"S":0.15834180843195267},"ChannelParityError":{"Count":96,"Mean":0.040922619047619034,"S":0.1300488945578231}},"0.3":{"ChannelCodewordError":{"Count":96,"Mean":0.1765625,"S":0.115390625},"ChannelMessageError":{"Count":96,"Mean":0.21634615384615385,"S":0.18565088757396447},"ChannelParityError":{"Count":96,"Mean":0.1026785714285714,"S":0.27104591836734687}},"0.4":{"ChannelCodewordError":{"Count":96,"Mean":0.2505208333333333,"S":0.12216145833333335},"ChannelMessageError":{"Count":96,"Mean":0.3026842948717948,"S":0.18805088141025644},"ChannelParityError":{"Count":96,"Mean":0.15364583333333331,"S":0.4569382440476192}},"0.5":{"ChannelCodewordError":{"Count":96,"Mean":0.354296875,"S":0.1424462890625},"ChannelMessageError":{"Count":96,"Mean":0.42287660256410264,"S":0.2533245500493097},"ChannelParityError":{"Count":96,"Mean":0.22693452380952378,"S":0.5127019557823127}},"0.6":{"ChannelCodewordError":{"Count":96,"Mean":0.466015625,"S":0.11271972656249996},"ChannelMessageError":{"Count":96,"Mean":0.5306490384615384,"S":0.15057553624260347},"ChannelParityError":{"Count":96,"Mean":0.34598214285714285,"S":0.7839604591836736}},"0.7":{"ChannelCodewordError":{"Count":96,"Mean":0.5881510416666667,"S":0.10011555989583334},"ChannelMessageError":{"Count":96,"Mean":0.6462339743589743,"S":0.135709442800789},"ChannelParityError":{"Count":96,"Mean":0.48028273809523814,"S":0.7547698767006809}},"0.8":{"ChannelCodewordError":{"Count":96,"Mean":0.7143229166666667,"S":0.11155598958333346},"ChannelMessageError":{"Count":96,"Mean":0.7618189102564106,"S":0.08755162105522671},"ChannelParityError":{"Count":96,"Mean":0.6261160714285713,"S":0.8417171556122454}},"0.9":{"ChannelCodewordError":{"Count":96,"Mean":0.8505208333333333,"S":0.09028645833333353},"ChannelMessageError":{"Count":96,"Mean":0.8798076923076926,"S":0.04215976331360952},"ChannelParityError":{"Count":96,"Mean":0.7961309523809524,"S":0.775297619047619}},"0.99":{"ChannelCodewordError":{"Count":96,"Mean":0.980859375,"S":0.01967285156250007},"ChannelMessageError":{"Count":96,"Mean":0.9839743589743589,"S":0.004930966469428057},"ChannelParityError":{"Count":96,"Mean":0.9750744047619043,"S":0.1559178358843535}}}}