{"TypeInfo":"BEC:github.com/nathanhack/ecc/linearblock/messagepassing/bec/iterative/Simple","ECCInfo":"9ff5dff68833bd4057046137da8242fb","Stats":{"0.01":{"ChannelCodewordError":{"Count":96,"Mean":0.0028437861689814825,"S":0.00015932051733197496},"ChannelMessageError":{"Count":96,"Mean":0.003479705459770115,"S":0.00024147955992370192},"ChannelParityError":{"Count":96,"Mean":0.00020926339285714295,"S":0.000050603126992984694}},"0.1":{"ChannelCodewordError":{"Count":96,"Mean":0.0613425925925926,"S":0.000900708108281893},"ChannelMessageError":{"Count":96,"Mean":0.07284370510057471,"S":0.0014268842614741253},"ChannelParityError":{"Count":96,"Mean":0.013695126488095243,"S":0.002656845819382441}},"0.2":{"ChannelCodewordError":{"Count":96,"Mean":0.1409414785879629,"S":0.0016669677608788253},"ChannelMessageError":{"Count":96,"Mean":0.16430383441091956,"S":0.0024561358499848285},"ChannelParityError":{"Count":96,"Mean":0.04415457589285716,"S":0.007754734584263393}},"0.3":{"ChannelCodewordError":{"Count":96,"Mean":0.22917570891203695,"S":0.002155814151214475},"ChannelMessageError":{"Count":96,"Mean":0.26163456357758624,"S":0.0026751415057641543},"ChannelParityError":{"Count":96,"Mean":0.09470331101190477,"S":0.021641270643999778}},"0.4":{"ChannelCodewordError":{"Count":96,"Mean":0.32203504774305564,"S":0.002557995878619907},"ChannelMessageError":{"Count":96,"Mean":0.3621756016522988,"S":0.003004363638703617},"ChannelParityError":{"Count":96,"Mean":0.15573846726190474,"S":0.032958776772427735}},"0.5":{"ChannelCodewordError":{"Count":96,"Mean":0.42229094328703687,"S":0.002627117643631062},"ChannelMessageError":{"Count":96,"Mean":0.46549479166666674,"S":0.00313052533875842},"ChannelParityError":{"Count":96,"Mean":0.24330357142857137,"S":0.03920200892857145}},"0.6":{"ChannelCodewordError":{"Count":96,"Mean":0.5275878906250003,"S":0.002960134435583078},"ChannelMessageError":{"Count":96,"Mean":0.5708232309626439,"S":0.0020163343673748396},"ChannelParityError":{"Count":96,"Mean":0.34847005208333315,"S":0.06422263424412726}},"0.7":{"ChannelCodewordError":{"Count":96,"Mean":0.6371618200231483,"S":0.00254199338057402},"ChannelMessageError":{"Count":96,"Mean":0.6750011224856324,"S":0.0024034467614741017},"ChannelParityError":{"Count":96,"Mean":0.4803989955357142,"S":0.08007018420161038}},"0.8":{"ChannelCodewordError":{"Count":96,"Mean":0.7509720413773147,"S":0.001838116979402753},"ChannelMessageError":{"Count":96,"Mean":0.7829674030172413,"S":0.0012507852561125224},"ChannelParityError":{"Count":96,"Mean":0.6184198288690479,"S":0.06736656759871908}},"0.9":{"ChannelCodewordError":{"Count":96,"Mean":0.8721923828125002,"S":0.0018562799618567966},"ChannelMessageError":{"Count":96,"Mean":0.8906923491379309,"S":0.0006492514956153288},"ChannelParityError":{"Count":96,"Mean":0.7955496651785715,"S":0.05070729158362567}},"0.99":{"ChannelCodewordError":{"Count":96,"Mean":0.9861608434606483,"S":0.0003348907816066678},"ChannelMessageError":{"Count":96,"Mean":0.9884496228448276,"S":0.00004227464746210282},"ChannelParityError":{"Count":96,"Mean":0.9766787574404759,"S":0.00779127263698445}}}}