{"TypeInfo":"BEC:github.com/nathanhack/ecc/linearblock/messagepassing/bec/iterative/Simple","ECCInfo":"cb14b041a0e599c3b26a626a4e86ebba","Stats":{"0.01":{"ChannelCodewordError":{"Count":96,"Mean":0.0008897569444444444,"S":0.00007645218460648145},"ChannelMessageError":{"Count":96,"Mean":0.0017361111111111119,"S":0.0002944155092592592},"ChannelParityError":{"Count":96,"Mean":0.000043402777777777786,"S":0.000004159432870370371}},"0.1":{"ChannelCodewordError":{"Count":96,"Mean":0.02932400173611112,"S":0.0011106335675274887},"ChannelMessageError":{"Count":96,"Mean":0.05435112847222222,"S":0.004101551197193285},"ChannelParityError":{"Count":96,"Mean":0.004296874999999999,"S":0.00033691406250000003}},"0.2":{"ChannelCodewordError":{"Count":96,"Mean":0.07123480902777778,"S":0.003137195728443286},"ChannelMessageError":{"Count":96,"Mean":0.12866753472222228,"S":0.010386239510995373},"ChannelParityError":{"Count":96,"Mean":0.013802083333333333,"S":0.0011132812499999995}},"0.3":{"ChannelCodewordError":{"Count":96,"Mean":0.11969401041666666,"S":0.003221198187934029},"ChannelMessageError":{"Count":96,"Mean":0.21063368055555554,"S":0.009526728877314814},"ChannelParityError":{"Count":96,"Mean":0.028754340277777776,"S":0.0022623245804398156}},"0.4":{"ChannelCodewordError":{"Count":96,"Mean":0.1757595486111111,"S":0.005424216941550923},"ChannelMessageError":{"Count":96,"Mean":0.29990234375,"S":0.012795308430989588},"ChannelParityError":{"Count":96,"Mean":0.05161675347222222,"S":0.0054641271520543995}},"0.5":{"ChannelCodewordError":{"Count":96,"Mean":0.23898654513888898,"S":0.006341677065248856},"ChannelMessageError":{"Count":96,"Mean":0.39373914930555554,"S":0.012559667516637736},"ChannelParityError":{"Count":96,"Mean":0.08423394097222224,"S":0.0081740880895544}},"0.6":{"ChannelCodewordError":{"Count":96,"Mean":0.31270616319444444,"S":0.006910524721498841},"ChannelMessageError":{"Count":96,"Mean":0.4906141493055556,"S":0.014957670988859969},"ChannelParityError":{"Count":96,"Mean":0.1347981770833334,"S":0.017173563639322913}},"0.7":{"ChannelCodewordError":{"Count":96,"Mean":0.40466579861111096,"S":0.014505705656828707},"ChannelMessageError":{"Count":96,"Mean":0.5953233506944445,"S":0.011189224808304409},"ChannelParityError":{"Count":96,"Mean":0.21400824652777778,"S":0.042964127152054395}},"0.8":{"ChannelCodewordError":{"Count":96,"Mean":0.5361870659722222,"S":0.017702354148582195},"ChannelMessageError":{"Count":96,"Mean":0.7115017361111109,"S":0.007020218460648146},"ChannelParityError":{"Count":96,"Mean":0.36087239583333325,"S":0.06672268337673615}},"0.9":{"ChannelCodewordError":{"Count":96,"Mean":0.7208062065972222,"S":0.019260183263708076},"ChannelMessageError":{"Count":96,"Mean":0.8428493923611109,"S":0.0040399735062210665},"ChannelParityError":{"Count":96,"Mean":0.5987630208333332,"S":0.07449069552951391}},"0.99":{"ChannelCodewordError":{"Count":96,"Mean":0.9657118055555558,"S":0.0050367115162037145},"ChannelMessageError":{"Count":96,"Mean":0.9822808159722222,"S":0.00030272307219328983},"ChannelParityError":{"Count":96,"Mean":0.9491427951388888,"S":0.019006065086082154}}}}