{"TypeInfo":"BSC:github.com/nathanhack/errorcorrectingcodes/linearblock/messagepassing/bitflipping/harddecision/Gallager","ECCInfo":"b538a6813c0fd136b9f13efc194c03b5","Stats":{"0.01":{"ChannelCodewordError":{"Count":1000000,"Mean":0,"S":0},"ChannelMessageError":{"Count":1000000,"Mean":0,"S":0},"ChannelParityError":{"Count":1000000,"Mean":0,"S":0}},"0.05":{"ChannelCodewordError":{"Count":1000000,"Mean":0,"S":0},"ChannelMessageError":{"Count":1000000,"Mean":0,"S":0},"ChannelParityError":{"Count":1000000,"Mean":0,"S":0}},"0.1":{"ChannelCodewordError":{"Count":1000000,"Mean":0,"S":0},"ChannelMessageError":{"Count":1000000,"Mean":0,"S":0},"ChannelParityError":{"Count":1000000,"Mean":0,"S":0}},"0.15":{"ChannelCodewordError":{"Count":1000000,"Mean":0,"S":0},"ChannelMessageError":{"Count":1000000,"Mean":0,"S":0},"ChannelParityError":{"Count":1000000,"Mean":0,"S":0}},"0.2":{"ChannelCodewordError":{"Count":1000000,"Mean":0,"S":0},"ChannelMessageError":{"Count":1000000,"Mean":0,"S":0},"ChannelParityError":{"Count":1000000,"Mean":0,"S":0}},"0.25":{"ChannelCodewordError":{"Count":1000000,"Mean":0.00021671428571428368,"S":93.4836471632645},"ChannelMessageError":{"Count":1000000,"Mean":0.00023000000000000196,"S":121.57210000000079},"ChannelParityError":{"Count":1000000,"Mean":0.0001989999999999872,"S":107.62706566666941}},"0.3":{"ChannelCodewordError":{"Count":1000000,"Mean":0.42854328571428923,"S":38.10124879591816},"ChannelMessageError":{"Count":1000000,"Mean":0.42863249999999287,"S":30673.679943750434},"ChannelParityError":{"Count":1000000,"Mean":0.42842433333332375,"S":54501.590607886246}},"0.35":{"ChannelCodewordError":{"Count":1000000,"Mean":0.42854714285714346,"S":37.42798163265286},"ChannelMessageError":{"Count":1000000,"Mean":0.42868900000000626,"S":30612.86627899866},"ChannelParityError":{"Count":1000000,"Mean":0.428358000000001,"S":54397.20161377632}},"0.4":{"ChannelCodewordError":{"Count":1000000,"Mean":0.4285580000000029,"S":34.57124824489785},"ChannelMessageError":{"Count":1000000,"Mean":0.4286065000000088,"S":30637.84315774983},"ChannelParityError":{"Count":1000000,"Mean":0.4284933333333348,"S":54439.90773333281}},"0.45":{"ChannelCodewordError":{"Count":1000000,"Mean":0.5427977142857061,"S":3270.3964682449014},"ChannelMessageError":{"Count":1000000,"Mean":0.5426662499999572,"S":33935.278610936926},"ChannelParityError":{"Count":1000000,"Mean":0.5429730000000028,"S":57771.54349321943}},"0.5":{"ChannelCodewordError":{"Count":1000000,"Mean":0.5428719999999888,"S":3264.2773302856212},"ChannelMessageError":{"Count":1000000,"Mean":0.5430697499999954,"S":33908.55913493762},"ChannelParityError":{"Count":1000000,"Mean":0.5426083333333102,"S":57676.307708334294}}}}