{"TypeInfo":"BSC:github.com/nathanhack/ecc/linearblock/messagepassing/bitflipping/harddecision/Gallager","ECCInfo":"111543035e239f539647c220bbabfd5a","Stats":{"0.01":{"ChannelCodewordError":{"Count":1000000,"Mean":0,"S":0},"ChannelMessageError":{"Count":1000000,"Mean":0,"S":0},"ChannelParityError":{"Count":1000000,"Mean":0,"S":0}},"0.05":{"ChannelCodewordError":{"Count":1000000,"Mean":0,"S":0},"ChannelMessageError":{"Count":1000000,"Mean":0,"S":0},"ChannelParityError":{"Count":1000000,"Mean":0,"S":0}},"0.1":{"ChannelCodewordError":{"Count":1000000,"Mean":0.0002745333333333369,"S":55.40018700444445},"ChannelMessageError":{"Count":1000000,"Mean":0.00026709090909090807,"S":58.969984760331585},"ChannelParityError":{"Count":1000000,"Mean":0.000294999999999997,"S":113.28797499999867}},"0.15":{"ChannelCodewordError":{"Count":1000000,"Mean":0.20004820000000603,"S":13.468787871112115},"ChannelMessageError":{"Count":1000000,"Mean":0.20006818181817465,"S":4167.433367768621},"ChannelParityError":{"Count":1000000,"Mean":0.19999324999999574,"S":31431.137454437685}},"0.2":{"ChannelCodewordError":{"Count":1000000,"Mean":0.2615398666666597,"S":321.7870328711009},"ChannelMessageError":{"Count":1000000,"Mean":0.26159027272728475,"S":5327.314338438109},"ChannelParityError":{"Count":1000000,"Mean":0.26140125000000036,"S":38198.94899843835}},"0.25":{"ChannelCodewordError":{"Count":1000000,"Mean":0.261529799999991,"S":322.150378626659},"ChannelMessageError":{"Count":1000000,"Mean":0.261611363636356,"S":5338.775408057654},"ChannelParityError":{"Count":1000000,"Mean":0.26130550000000374,"S":38260.68566974736}},"0.3":{"ChannelCodewordError":{"Count":1000000,"Mean":0.287255666666648,"S":3683.6797456665017},"ChannelMessageError":{"Count":1000000,"Mean":0.287185363636373,"S":8906.442946107396},"ChannelParityError":{"Count":1000000,"Mean":0.2874490000000169,"S":43203.07239899912}},"0.35":{"ChannelCodewordError":{"Count":1000000,"Mean":0.3450120666666644,"S":4069.567187728747},"ChannelMessageError":{"Count":1000000,"Mean":0.3451319090909185,"S":9839.312434701873},"ChannelParityError":{"Count":1000000,"Mean":0.3446825000000052,"S":47625.47419375111}},"0.4":{"ChannelCodewordError":{"Count":1000000,"Mean":0.41812846666665515,"S":3872.72314076008},"ChannelMessageError":{"Count":1000000,"Mean":0.41816845454545376,"S":10073.8461024048},"ChannelParityError":{"Count":1000000,"Mean":0.41801850000002616,"S":50925.03365774801}},"0.45":{"ChannelCodewordError":{"Count":1000000,"Mean":0.41828980000001104,"S":3866.972104848858},"ChannelMessageError":{"Count":1000000,"Mean":0.41818836363637,"S":10073.302436495378},"ChannelParityError":{"Count":1000000,"Mean":0.4185687499999955,"S":50879.76402343719}},"0.5":{"ChannelCodewordError":{"Count":1000000,"Mean":0.476727333333339,"S":4046.4007639997876},"ChannelMessageError":{"Count":1000000,"Mean":0.47673299999999486,"S":10425.25828124782},"ChannelParityError":{"Count":1000000,"Mean":0.4767117499999942,"S":52300.969911936685}}}}