{"TypeInfo":"BEC:github.com/nathanhack/errorcorrectingcodes/linearblock/messagepassing/bec/iterative/Simple","ECCInfo":"b538a6813c0fd136b9f13efc194c03b5","Stats":{"0.01":{"ChannelCodewordError":{"Count":1000000,"Mean":0,"S":0},"ChannelMessageError":{"Count":1000000,"Mean":0,"S":0},"ChannelParityError":{"Count":1000000,"Mean":0,"S":0}},"0.1":{"ChannelCodewordError":{"Count":1000000,"Mean":0,"S":0},"ChannelMessageError":{"Count":1000000,"Mean":0,"S":0},"ChannelParityError":{"Count":1000000,"Mean":0,"S":0}},"0.2":{"ChannelCodewordError":{"Count":1000000,"Mean":0,"S":0},"ChannelMessageError":{"Count":1000000,"Mean":0,"S":0},"ChannelParityError":{"Count":1000000,"Mean":0,"S":0}},"0.3":{"ChannelCodewordError":{"Count":1000000,"Mean":0,"S":0},"ChannelMessageError":{"Count":1000000,"Mean":0,"S":0},"ChannelParityError":{"Count":1000000,"Mean":0,"S":0}},"0.4":{"ChannelCodewordError":{"Count":1000000,"Mean":0,"S":0},"ChannelMessageError":{"Count":1000000,"Mean":0,"S":0},"ChannelParityError":{"Count":1000000,"Mean":0,"S":0}},"0.5":{"ChannelCodewordError":{"Count":1000000,"Mean":0.12243300000000157,"S":37481.446225286294},"ChannelMessageError":{"Count":1000000,"Mean":0.12866099999999972,"S":47823.097078999825},"ChannelParityError":{"Count":1000000,"Mean":0.11412899999999784,"S":44003.12691455631}},"0.6":{"ChannelCodewordError":{"Count":1000000,"Mean":0.5225524285713955,"S":4593.428781857105},"ChannelMessageError":{"Count":1000000,"Mean":0.5220064999999997,"S":33529.46395775057},"ChannelParityError":{"Count":1000000,"Mean":0.5232803333333182,"S":52664.02607988657}},"0.7":{"ChannelCodewordError":{"Count":1000000,"Mean":0.5224564285714399,"S":4597.7496321427525},"ChannelMessageError":{"Count":1000000,"Mean":0.5214964999999961,"S":33468.900487749845},"ChannelParityError":{"Count":1000000,"Mean":0.5237363333333185,"S":52593.69759100301}},"0.8":{"ChannelCodewordError":{"Count":1000000,"Mean":0.7142857142857143,"S":0},"ChannelMessageError":{"Count":1000000,"Mean":0.7144205000000197,"S":25483.474179748602},"ChannelParityError":{"Count":1000000,"Mean":0.7141059999999881,"S":45303.95409733253}},"0.9":{"ChannelCodewordError":{"Count":1000000,"Mean":0.8571428571428571,"S":0},"ChannelMessageError":{"Count":1000000,"Mean":0.8568172499999847,"S":15294.38760243743},"ChannelParityError":{"Count":1000000,"Mean":0.857576999999981,"S":27190.022404334664}},"0.99":{"ChannelCodewordError":{"Count":1000000,"Mean":0.8571428571428571,"S":0},"ChannelMessageError":{"Count":1000000,"Mean":0.8570747499999994,"S":15303.685412437639},"ChannelParityError":{"Count":1000000,"Mean":0.8572336666666631,"S":27206.55184433464}}}}