{"TypeInfo":"BSC:github.com/nathanhack/ecc/linearblock/messagepassing/bitflipping/harddecision/DWBF_F","ECCInfo":"111543035e239f539647c220bbabfd5a","Stats":{"0.01":{"ChannelCodewordError":{"Count":1000000,"Mean":0,"S":0},"ChannelMessageError":{"Count":1000000,"Mean":0,"S":0},"ChannelParityError":{"Count":1000000,"Mean":0,"S":0}},"0.05":{"ChannelCodewordError":{"Count":1000000,"Mean":0,"S":0},"ChannelMessageError":{"Count":1000000,"Mean":0,"S":0},"ChannelParityError":{"Count":1000000,"Mean":0,"S":0}},"0.1":{"ChannelCodewordError":{"Count":1000000,"Mean":0,"S":0},"ChannelMessageError":{"Count":1000000,"Mean":0,"S":0},"ChannelParityError":{"Count":1000000,"Mean":0,"S":0}},"0.15":{"ChannelCodewordError":{"Count":1000000,"Mean":0.2,"S":0},"ChannelMessageError":{"Count":1000000,"Mean":0.19990563636364345,"S":4153.571260793176},"ChannelParityError":{"Count":1000000,"Mean":0.20025949999999848,"S":31411.382659749437}},"0.2":{"ChannelCodewordError":{"Count":1000000,"Mean":0.2615021333333232,"S":317.6298176711228},"ChannelMessageError":{"Count":1000000,"Mean":0.2615455454545368,"S":5322.4813718925425},"ChannelParityError":{"Count":1000000,"Mean":0.2613827500000011,"S":38168.87050243619}},"0.25":{"ChannelCodewordError":{"Count":1000000,"Mean":0.26154519999999465,"S":315.2016902933231},"ChannelMessageError":{"Count":1000000,"Mean":0.2615265454545322,"S":5323.66767550416},"ChannelParityError":{"Count":1000000,"Mean":0.2615965000000101,"S":38193.771187749226}},"0.3":{"ChannelCodewordError":{"Count":1000000,"Mean":0.2871956666666505,"S":3680.2357145557507},"ChannelMessageError":{"Count":1000000,"Mean":0.2871546363636297,"S":8913.892500818225},"ChannelParityError":{"Count":1000000,"Mean":0.2873085000000046,"S":43202.07582775158}},"0.35":{"ChannelCodewordError":{"Count":1000000,"Mean":0.3450296666666789,"S":4060.746897666593},"ChannelMessageError":{"Count":1000000,"Mean":0.3451319999999924,"S":9814.960427239894},"ChannelParityError":{"Count":1000000,"Mean":0.3447482499999966,"S":47557.45662193539}},"0.4":{"ChannelCodewordError":{"Count":1000000,"Mean":0.4181674666666718,"S":3864.840932693221},"ChannelMessageError":{"Count":1000000,"Mean":0.4182231818181955,"S":10070.386718801594},"ChannelParityError":{"Count":1000000,"Mean":0.4180142500000069,"S":50885.52429693832}},"0.45":{"ChannelCodewordError":{"Count":1000000,"Mean":0.4181525999999994,"S":3866.5408910176848},"ChannelMessageError":{"Count":1000000,"Mean":0.41812509090909733,"S":10094.631492759847},"ChannelParityError":{"Count":1000000,"Mean":0.4182282499999999,"S":50917.56840193852}},"0.5":{"ChannelCodewordError":{"Count":1000000,"Mean":0.4766141333333307,"S":4045.607906915413},"ChannelMessageError":{"Count":1000000,"Mean":0.47664245454546167,"S":10428.623417446597},"ChannelParityError":{"Count":1000000,"Mean":0.4765362499999966,"S":52240.51493593664}}}}