{"TypeInfo":"BEC:github.com/nathanhack/ecc/linearblock/messagepassing/bec/iterative/Simple","ECCInfo":"111543035e239f539647c220bbabfd5a","Stats":{"0.01":{"ChannelCodewordError":{"Count":1000000,"Mean":0,"S":0},"ChannelMessageError":{"Count":1000000,"Mean":0,"S":0},"ChannelParityError":{"Count":1000000,"Mean":0,"S":0}},"0.1":{"ChannelCodewordError":{"Count":1000000,"Mean":0,"S":0},"ChannelMessageError":{"Count":1000000,"Mean":0,"S":0},"ChannelParityError":{"Count":1000000,"Mean":0,"S":0}},"0.2":{"ChannelCodewordError":{"Count":1000000,"Mean":0.030311399999999943,"S":5143.499030040308},"ChannelMessageError":{"Count":1000000,"Mean":0.032171545454545376,"S":6290.669349016466},"ChannelParityError":{"Count":1000000,"Mean":0.025196000000000156,"S":7308.786584000052}},"0.3":{"ChannelCodewordError":{"Count":1000000,"Mean":0.14615093333333073,"S":14726.02024135099},"ChannelMessageError":{"Count":1000000,"Mean":0.1531665454545421,"S":18645.546543603046},"ChannelParityError":{"Count":1000000,"Mean":0.12685799999999428,"S":32125.422836000726}},"0.4":{"ChannelCodewordError":{"Count":1000000,"Mean":0.39107000000001163,"S":515.5884333333495},"ChannelMessageError":{"Count":1000000,"Mean":0.3905850909090831,"S":7053.8652719335},"ChannelParityError":{"Count":1000000,"Mean":0.3924034999999984,"S":45495.86818774953}},"0.5":{"ChannelCodewordError":{"Count":1000000,"Mean":0.4643276666666691,"S":150.4624123333463},"ChannelMessageError":{"Count":1000000,"Mean":0.464196636363629,"S":6724.879482900737},"ChannelParityError":{"Count":1000000,"Mean":0.46468799999999816,"S":48451.06265599885}},"0.6":{"ChannelCodewordError":{"Count":1000000,"Mean":0.6,"S":0},"ChannelMessageError":{"Count":1000000,"Mean":0.6001200909090976,"S":6235.851693876081},"ChannelParityError":{"Count":1000000,"Mean":0.5996697500000328,"S":47158.62843494023}},"0.7":{"ChannelCodewordError":{"Count":1000000,"Mean":0.6666666666666666,"S":0},"ChannelMessageError":{"Count":1000000,"Mean":0.6665624545454347,"S":5785.9239424049765},"ChannelParityError":{"Count":1000000,"Mean":0.6669532499999958,"S":43756.04981443932}},"0.8":{"ChannelCodewordError":{"Count":1000000,"Mean":0.8,"S":0},"ChannelMessageError":{"Count":1000000,"Mean":0.8000206363636302,"S":4159.832631991517},"ChannelParityError":{"Count":1000000,"Mean":0.7999432500000084,"S":31458.73427943751}},"0.9":{"ChannelCodewordError":{"Count":1000000,"Mean":0.8666666666666667,"S":0},"ChannelMessageError":{"Count":1000000,"Mean":0.8667447272727224,"S":3003.478571371803},"ChannelParityError":{"Count":1000000,"Mean":0.8664520000000066,"S":22713.80669600095}},"0.99":{"ChannelCodewordError":{"Count":1000000,"Mean":0.9333333333333333,"S":0},"ChannelMessageError":{"Count":1000000,"Mean":0.9334538181818238,"S":1621.2585779834733},"ChannelParityError":{"Count":1000000,"Mean":0.9330019999999811,"S":12260.767995999611}}}}