{"TypeInfo":"BSC:github.com/nathanhack/ecc/linearblock/messagepassing/bitflipping/harddecision/DWBF_F","ECCInfo":"b538a6813c0fd136b9f13efc194c03b5","Stats":{"0.01":{"ChannelCodewordError":{"Count":1000000,"Mean":0,"S":0},"ChannelMessageError":{"Count":1000000,"Mean":0,"S":0},"ChannelParityError":{"Count":1000000,"Mean":0,"S":0}},"0.05":{"ChannelCodewordError":{"Count":1000000,"Mean":0,"S":0},"ChannelMessageError":{"Count":1000000,"Mean":0,"S":0},"ChannelParityError":{"Count":1000000,"Mean":0,"S":0}},"0.1":{"ChannelCodewordError":{"Count":1000000,"Mean":0,"S":0},"ChannelMessageError":{"Count":1000000,"Mean":0,"S":0},"ChannelParityError":{"Count":1000000,"Mean":0,"S":0}},"0.15":{"ChannelCodewordError":{"Count":1000000,"Mean":0,"S":0},"ChannelMessageError":{"Count":1000000,"Mean":0,"S":0},"ChannelParityError":{"Count":1000000,"Mean":0,"S":0}},"0.2":{"ChannelCodewordError":{"Count":1000000,"Mean":0,"S":0},"ChannelMessageError":{"Count":1000000,"Mean":0,"S":0},"ChannelParityError":{"Count":1000000,"Mean":0,"S":0}},"0.25":{"ChannelCodewordError":{"Count":1000000,"Mean":0,"S":0},"ChannelMessageError":{"Count":1000000,"Mean":0,"S":0},"ChannelParityError":{"Count":1000000,"Mean":0,"S":0}},"0.3":{"ChannelCodewordError":{"Count":1000000,"Mean":0.42857142857142855,"S":0},"ChannelMessageError":{"Count":1000000,"Mean":0.42859624999999263,"S":30645.691985936486},"ChannelParityError":{"Count":1000000,"Mean":0.4285383333333383,"S":54481.230197226374}},"0.35":{"ChannelCodewordError":{"Count":1000000,"Mean":0.42857142857142855,"S":0},"ChannelMessageError":{"Count":1000000,"Mean":0.4287372499999994,"S":30645.432962437317},"ChannelParityError":{"Count":1000000,"Mean":0.4283503333333387,"S":54480.76971100154}},"0.4":{"ChannelCodewordError":{"Count":1000000,"Mean":0.42857142857142855,"S":0},"ChannelMessageError":{"Count":1000000,"Mean":0.42864675000001196,"S":30621.40121443599},"ChannelParityError":{"Count":1000000,"Mean":0.4284710000000026,"S":54438.0466034422}},"0.45":{"ChannelCodewordError":{"Count":1000000,"Mean":0.5428602857142862,"S":3265.036724816346},"ChannelMessageError":{"Count":1000000,"Mean":0.5428599999999956,"S":33877.645399998575},"ChannelParityError":{"Count":1000000,"Mean":0.542860666666677,"S":57669.62991955738}},"0.5":{"ChannelCodewordError":{"Count":1000000,"Mean":0.5428824285714199,"S":3263.138136142847},"ChannelMessageError":{"Count":1000000,"Mean":0.54290050000002,"S":33840.047099750685},"ChannelParityError":{"Count":1000000,"Mean":0.5428583333333209,"S":57677.38548611025}}}}